name: 
members:
  - name: Levi Naden
    url: https://molssi.org/
    organization: molssi
  - name: Andrew Abi-Mansour
    url: https://molssi.org/
    organization: molssi
  - name: Sam Ellis
    url: https://molssi.org/
    organization: molssi
  - name: Ben Pritchard
    url: https://molssi.org
    organization: molssi
  - name: Doaa Altarawy
    url: https://molssi.org
    organization: molssi
  - name: Jessica Nash
    url: https://molssi.org
    organization: molssi
  - name: Daniel Crawford
    url: https://molssi.org
    organization: molssi
  - name: Teresa Head-Gordon
    url: https://thglab.berkeley.edu/
  - name: Cecilia Clementi
    url: https://clementiresearch.rice.edu
  - name: Rommie Amaro
    url: http://amarolab.ucsd.edu
  - name: Adrian Mulholland
    url: https://mulhollandgroup.wordpress.com
  - name: John Chodera
    url: http://www.choderalab.org
  - name: Erica Goldberger
    url: http://www.choderalab.org
  - name: Rafal Wiewiora
    url: http://www.choderalab.org
  - name: Alex Payne
    url: http://www.choderalab.org
  - name: Binisha Karkl
    url: http://www.choderalab.org
  - name: Hanna Bruce Macdonald
    url: http://www.choderalab.org
  - name: Chiara Mancinelli
    url: http://www.choderalab.org
  - name: Melissa Boby
    url: http://www.choderalab.org
  - name: Jaime Rodríguez-Guerra
    url: http://www.choderalab.org
  - name: Andrea Thorn
    url: http://shelx.uni-ac.gwdg.de/~athorn
  - name: Yunyun Gao
    url: http://shelx.uni-ac.gwdg.de/~athorn/
  - name: Michael Feig
    url: http://feig.bch.msu.edu
  - name: Lim Heo
    url: http://feig.bch.msu.edu
  - name: Richard Friesner
    url: https://chem.columbia.edu/people/faculty/richard-friesner
  - name: Peter Tieleman
    url: https://www.ucalgary.ca/tieleman/people/peter-tieleman
  - name: Syma Khalid
    url: https://www.southampton.ac.uk/chemistry/research/staff/sk2x07.page
  - name: Shantenu Jha
    url: https://www.ece.rutgers.edu/shantenu-jha
  - name: Rossen Apostolov
    url: https://bioexcel.eu
    organization: bioexcel
  - name: Bert de Groot
    url: https://bioexcel.eu
    organization: bioexcel
  - name: Erik Lindahl
    url: https://bioexcel.eu
    organization: bioexcel
  - name: Dmitry Morozov
    url: https://bioexcel.eu
    organization: bioexcel
  - name: Gerrit Groenhof
    url: https://bioexcel.eu
    organization: bioexcel
  - name: Modesto Orozco
    url: https://www.irbbarcelona.org/en/profile/modesto-orozco
  - name: Thomas M. Hermans
    url: https://jedi.group
  - name: Stacey Wetmore
    url: http://people.uleth.ca/~stacey.wetmore
  - name: Peter Elmer
    url: https://scholar.princeton.edu/elmer/home
  - name: Frank Wuerthwein
    url: https://www-physics.ucsd.edu/fac_staff/fac_profile/faculty_description.php?person_id=494
  - name: Tim Smith
    url: https://home.cern/authors/tim-smith
  - name: Lukas Heinrich
    url: http://www.lukasheinrich.com
  - name: Markus Elsing
    url: https://elsing.web.cern.ch/elsing/group.html
  - name: Alessandra Forti
    url: https://www.linkedin.com/in/alessandra-forti-79748714/?originalSubdomain=uk
  - name: Mario Lassnig
    url: https://scholar.google.com/citations?user=0Z7M-VsAAAAJ&hl=en
  - name: Tibor Simko
    url: https://orcid.org/0000-0001-7202-5803
  - name: Greg Bowman
    url: https://bowmanlab.biochem.wustl.edu
    organization: fah
  - name: Jean-Philip Piquemal
    url: http://piquemalresearch.com
  - name: Callie Rodgers Chappell
    url: https://www.calliechappell.com
  - name: Thomas Splettstößer
    url: https://www.scistyle.com
  - name: Charlie Brooks
    url: http://brooks.chem.lsa.umich.edu
  - name: William Jorgensen
    url: http://www.jorgensenresearch.com
  - name: D. E. Shaw Research
    url: https://www.deshawresearch.com/
    organization: desres
  - name: Tristan Croll
    url: https://isolde.cimr.cam.ac.uk
  - name: Vincent Voelz
    url: http://www.voelzlab.org
  - name: Makoto Taiji
    url: https://www.bdr.riken.jp/en/research/labs/taiji-m-computational/index.html
  - name: Yuji Sugita
    url: https://www.riken.jp/en/research/labs/chief/theor_mol_sci/index.html
  - name: Teruhisa Komatsu
    url: https://www.bdr.riken.jp/en/research/labs/taiji-m-computational/index.html
  - name: Noriaki Okimoto
    url: https://www.bdr.riken.jp/en/research/labs/taiji-m-computational/index.html
  - name: Stian Soiland-Reyes
    url: http://soiland-reyes.com/stian/work/
  - name: Alexandre Bonvin
    url: https://www.bonvinlab.org
  - name: Yang Zhang
    url: https://zhanglab.ccmb.med.umich.edu/
    organization: zhang-lab
  - name: Chengxin Zhang
    url: https://zhanglab.ccmb.med.umich.edu/
    organization: zhang-lab